{
    "config_format": 4,
    "autoinstall": false,
    "name": "Toradex Easy Installer",
    "description": "Toradex Easy Installer for verdin-imx8mm machine",
    "version": "5.3.0+build.3",
    "release_date": "2021-07-07",
    "wrapup_script": "wrapup.sh",
    "icon": "tezi.png",
    "isinstaller": true,
    "supported_product_ids": [
        "0055",
        "0057",
        "0059",
        "0060"
    ],
    "blockdevs": [
        {
            "name": "mmcblk0",
            "partitions": [
                {
                    "partition_size_nominal": 128,
                    "want_maximised": false,
                    "content": {
                        "label": "BOOT",
                        "filesystem_type": "FAT",
                        "mkfs_options": "",
                        "filelist": [
                            "tezi.itb",
                            "boot-tezi.scr",
                            "overlays.txt"
                        ],
                        "uncompressed_size": 51.411834716796875
                    }
                }
            ]
        },
        {
            "name": "mmcblk0boot0",
            "erase": true,
            "content": {
                "filesystem_type": "raw",
                "rawfiles": [
                    {
                        "filename": "imx-boot",
                        "dd_options": "seek=2"
                    }
                ]
            }
        }
    ]
}